B,Q,C,Cost,R,D,H,Active,Iters
4,12,1,149831.09,4.6436,9.8934,0.0000,1,1
4,12,2,139884.24,4.3309,9.7492,0.9333,2,41
4,12,4,132248.97,4.0909,9.6326,1.8742,4,41
4,12,6,127879.06,3.9527,9.6606,2.2153,5,41
4,12,8,122563.10,3.7855,9.5996,2.7879,8,41
4,12,10,118870.48,3.6691,9.5770,3.0953,10,41
4,12,12,119198.11,3.6800,9.5117,3.1397,10,41
4,24,1,348322.43,2.7127,16.6023,0.0000,1,1
4,24,2,320643.92,2.4945,16.4913,0.8604,2,41
4,24,4,306293.62,2.3818,16.2532,1.4902,3,41
4,24,6,290058.72,2.2545,15.8644,2.4306,6,41
4,24,8,280822.96,2.1818,15.7926,2.5845,7,41
4,24,10,272524.05,2.1164,15.7762,3.0591,10,41
4,24,12,265615.83,2.0618,15.7899,3.3204,12,41
4,36,1,582484.51,2.0218,21.9044,0.0000,1,1
4,36,2,535728.92,1.8582,21.5422,0.8069,2,39
4,36,4,501508.29,1.7382,21.5196,1.2892,3,41
4,36,6,460010.69,1.5927,21.4265,2.3037,6,41
4,36,8,449550.63,1.5564,21.0918,2.5023,7,31
4,36,10,437059.60,1.5127,20.9120,2.7606,9,41
4,36,12,430860.05,1.4909,20.9893,2.9139,10,41
4,44,1,773426.25,1.8000,24.6191,0.0000,1,1
4,44,2,712834.80,1.6582,23.9345,0.8745,2,25
4,44,4,630650.29,1.4655,23.5778,1.6861,4,41
4,44,6,613566.16,1.4255,23.4057,2.2055,6,17
4,44,8,584135.26,1.3564,23.3922,2.5845,8,41
4,44,10,576404.53,1.3382,23.4405,2.8602,9,31
4,44,12,571650.52,1.3273,23.0491,3.1217,12,41
4,48,1,869997.30,1.7018,26.8353,0.0000,1,1
4,48,2,808966.51,1.5818,26.0891,0.9486,2,26
4,48,4,718586.79,1.4036,25.8603,1.7910,4,41
4,48,6,692605.85,1.3527,25.2198,2.2909,6,41
4,48,8,661308.77,1.2909,25.3555,2.6077,8,41
4,48,10,653911.11,1.2764,25.2651,2.7591,9,41
4,48,12,639003.44,1.2473,24.6758,3.1922,12,41
4,64,1,1240809.89,1.3673,31.7567,0.0000,1,1
4,64,2,1158597.40,1.2764,30.6931,0.8402,2,22
4,64,4,1092886.73,1.2036,30.0579,1.7492,4,29
4,64,6,1046870.71,1.1527,29.5458,2.2138,6,41
4,64,8,1033756.47,1.1382,29.5202,2.5941,8,41
4,64,10,1023729.24,1.1273,28.8045,2.8832,10,19
4,64,12,1020587.87,1.1236,29.2970,2.8197,10,41
8,12,1,142400.45,18.8308,21.4716,0.0000,1,1
8,12,2,137804.66,18.2154,21.6594,0.5381,2,8
8,12,4,128687.75,17.0000,21.4115,1.9914,4,28
8,12,6,126256.85,16.6769,21.2316,2.4707,6,41
8,12,8,124312.92,16.4154,21.4542,2.9479,8,41
8,12,10,122697.41,16.2000,21.4124,3.1994,10,41
8,12,12,120840.97,15.9538,21.2087,3.5318,12,41
8,24,1,310060.16,10.2769,34.5501,0.0000,1,1
8,24,2,292087.45,9.6769,34.5270,0.9612,2,41
8,24,4,279642.90,9.2615,34.4815,1.9292,4,41
8,24,6,269042.44,8.9077,34.4499,2.5321,6,41
8,24,8,268115.52,8.8769,34.3681,2.8577,8,41
8,24,10,262588.43,8.6923,34.4067,3.2586,10,41
8,24,12,259815.48,8.6000,34.2813,3.5019,12,41
8,36,1,476735.68,7.0308,44.8935,0.0000,1,1
8,36,2,438356.45,6.4615,44.6223,0.8512,2,41
8,36,4,402089.62,5.9231,44.9480,1.9552,4,41
8,36,6,404137.58,5.9538,44.5535,2.5272,6,41
8,36,8,388563.37,5.7231,44.2118,2.8563,8,41
8,36,10,380293.12,5.6000,44.5833,3.2529,10,41
8,36,12,375095.02,5.5231,44.3665,3.4691,12,41
8,44,1,563988.79,5.5692,51.1260,0.0000,1,1
8,44,2,540707.43,5.3385,50.3666,0.9710,2,41
8,44,4,500378.90,4.9385,49.4478,1.9777,4,41
8,44,6,480265.66,4.7385,49.7733,2.5576,6,41
8,44,8,464819.68,4.5846,50.4197,2.9626,8,41
8,44,10,458588.58,4.5231,49.8674,3.2417,10,41
8,44,12,440020.88,4.3385,50.1427,3.3396,12,41
8,48,1,609907.64,5.0615,53.7668,0.0000,1,1
8,48,2,573031.10,4.7538,53.5738,0.9501,2,41
8,48,4,532426.01,4.4154,52.7325,1.8773,4,24
8,48,6,506628.36,4.2000,52.8424,2.5401,6,41
8,48,8,488186.44,4.0462,52.6898,2.9366,8,41
8,48,10,491859.92,4.0769,52.4910,3.1017,10,41
8,48,12,475251.20,3.9385,52.1846,3.3908,12,41
8,64,1,783938.56,3.6615,62.4639,0.0000,1,1
8,64,2,751089.87,3.5077,61.2226,0.9375,2,39
8,64,4,659394.87,3.0769,62.0750,1.7127,4,41
8,64,6,646316.94,3.0154,62.5252,2.4057,6,41
8,64,8,616771.68,2.8769,61.6935,2.9229,8,41
8,64,10,613476.05,2.8615,61.4038,3.1998,10,41
8,64,12,577432.56,2.6923,61.4241,3.2216,12,41
16,12,1,215617.59,62.0667,37.1730,0.0000,1,1
16,12,2,208140.41,59.9000,37.5335,0.9871,2,41
16,12,4,203541.05,58.5667,37.8217,1.9656,4,41
16,12,6,200667.64,57.7333,38.0414,2.5479,6,41
16,12,8,200871.28,57.8000,37.1494,2.7329,8,41
16,12,10,197100.30,56.7000,38.1699,3.0682,10,41
16,12,12,197084.56,56.7000,37.6452,3.3647,11,41
16,24,1,464530.92,33.4667,62.9240,0.0000,1,1
16,24,2,445179.56,32.0667,62.9987,0.8813,2,41
16,24,4,424919.31,30.6000,63.4971,1.8279,4,41
16,24,6,427205.65,30.7667,62.9083,2.2574,6,41
16,24,8,423531.95,30.5000,63.3317,2.8574,8,41
16,24,10,414311.07,29.8333,63.1689,3.0527,10,41
16,24,12,408770.79,29.4333,62.8129,3.2029,12,41
16,36,1,683565.07,21.9000,79.5822,0.0000,1,1
16,36,2,658666.23,21.1000,79.0610,0.9871,2,41
16,36,4,642086.88,20.5667,79.3761,1.9183,4,41
16,36,6,627573.41,20.1000,79.4335,2.5139,6,35
16,36,8,613049.58,19.6333,79.1461,2.8892,8,41
16,36,10,595429.27,19.0667,79.3223,3.1144,10,41
16,36,12,597515.30,19.1333,79.7368,3.3329,12,41
16,44,1,848319.31,18.2000,89.1505,0.0000,1,1
16,44,2,800321.47,17.1667,89.6491,0.8813,2,41
16,44,4,750750.60,16.1000,89.3400,1.9575,4,41
16,44,6,741499.28,15.9000,90.7228,2.5260,6,41
16,44,8,725942.74,15.5667,88.4379,2.8071,8,26
16,44,10,710473.22,15.2333,89.0539,3.1078,10,41
16,44,12,696547.53,14.9333,89.5044,3.3362,11,41
16,48,1,907854.48,16.3667,94.7760,0.0000,1,1
16,48,2,869131.93,15.6667,94.2643,0.9871,2,22
16,48,4,823100.33,14.8333,95.8776,1.9413,4,22
16,48,6,806481.24,14.5333,94.8680,2.5139,6,41
16,48,8,776990.96,14.0000,94.8986,2.8179,8,41
16,48,10,747504.84,13.4667,95.0680,3.0029,10,41
16,48,12,743872.52,13.4000,96.8706,3.3111,11,41
16,64,1,1192859.14,12.1000,112.6914,0.0000,1,1
16,64,2,1104395.93,11.2000,113.0376,1.0000,2,39
16,64,4,1022473.27,10.3667,112.9491,1.7540,4,41
16,64,6,970032.15,9.8333,112.5382,2.3819,6,41
16,64,8,943803.29,9.5667,112.0565,2.8757,8,41
16,64,10,920856.13,9.3333,111.7377,3.1526,10,41
16,64,12,930660.05,9.4333,110.8551,3.3493,12,41
